epoch,time,train/box_loss,train/cls_loss,train/dfl_loss,metrics/precision(B),metrics/recall(B),metrics/mAP50(B),metrics/mAP50-95(B),val/box_loss,val/cls_loss,val/dfl_loss,lr/pg0,lr/pg1,lr/pg2
1,12.8202,2.11375,2.46604,1.71848,0.95594,0.8468,0.96652,0.5565,1.43402,1.86388,1.18693,0.00052,0.00052,0.00052
2,22.1285,1.32128,0.92014,1.13588,0.94143,0.94431,0.98447,0.67858,1.15517,0.85773,1.10597,0.00103901,0.00103901,0.00103901
3,31.1791,1.10196,0.74979,1.05039,0.98727,0.98949,0.99449,0.72274,0.99558,0.85363,1.03289,0.00153664,0.00153664,0.00153664
4,40.0691,0.99117,0.67935,0.99658,0.99493,0.98575,0.99483,0.74757,0.91123,0.80646,0.96692,0.0018812,0.0018812,0.0018812
5,49.1128,0.91357,0.63205,0.95828,0.99566,0.99934,0.99496,0.78561,0.78564,0.64722,0.92482,0.0018416,0.0018416,0.0018416
6,58.4901,0.8374,0.5942,0.93784,0.99957,0.99983,0.995,0.8234,0.66289,0.52782,0.89086,0.001802,0.001802,0.001802
7,67.64,0.74016,0.53439,0.90747,0.99998,1,0.995,0.81626,0.691,0.49893,0.89984,0.0017624,0.0017624,0.0017624
8,77.0849,0.71189,0.51041,0.89629,1,0.99965,0.995,0.83005,0.67025,0.47767,0.89455,0.0017228,0.0017228,0.0017228
9,86.4231,0.67569,0.4899,0.88786,0.99999,1,0.995,0.86062,0.57165,0.45102,0.86299,0.0016832,0.0016832,0.0016832
10,95.609,0.67387,0.47672,0.88013,0.9999,1,0.995,0.85354,0.60769,0.40532,0.86533,0.0016436,0.0016436,0.0016436
11,104.713,0.67976,0.47074,0.87954,0.99999,1,0.995,0.88042,0.52985,0.42487,0.83927,0.001604,0.001604,0.001604
12,114.305,0.61286,0.44735,0.86929,0.99999,1,0.995,0.85641,0.59419,0.41458,0.86585,0.0015644,0.0015644,0.0015644
13,123.475,0.61762,0.44353,0.86416,0.99999,1,0.995,0.90767,0.43579,0.35768,0.82358,0.0015248,0.0015248,0.0015248
14,132.594,0.60075,0.42655,0.85999,0.99999,1,0.995,0.88959,0.47863,0.35177,0.82867,0.0014852,0.0014852,0.0014852
15,141.752,0.55528,0.40847,0.85363,0.99999,1,0.995,0.91216,0.41646,0.32556,0.81841,0.0014456,0.0014456,0.0014456
16,151.094,0.52878,0.39324,0.84341,0.99991,1,0.995,0.91309,0.40112,0.32613,0.81463,0.001406,0.001406,0.001406
17,160.246,0.5016,0.38771,0.83895,0.99999,1,0.995,0.92835,0.37602,0.31999,0.81031,0.0013664,0.0013664,0.0013664
18,169.463,0.51392,0.38242,0.84084,0.99999,1,0.995,0.91294,0.42224,0.32321,0.81664,0.0013268,0.0013268,0.0013268
19,178.765,0.49811,0.37298,0.83941,0.99999,1,0.995,0.90844,0.41596,0.30128,0.81621,0.0012872,0.0012872,0.0012872
20,188.018,0.50328,0.36894,0.83671,0.99999,1,0.995,0.90476,0.43552,0.31123,0.8196,0.0012476,0.0012476,0.0012476
21,196.97,0.47626,0.35732,0.83369,0.99999,1,0.995,0.93191,0.35142,0.27688,0.8039,0.001208,0.001208,0.001208
22,206.064,0.46201,0.35035,0.8276,0.99999,1,0.995,0.94267,0.34297,0.2666,0.7998,0.0011684,0.0011684,0.0011684
23,215.154,0.46074,0.34316,0.82683,0.99999,1,0.995,0.93068,0.35702,0.27114,0.80532,0.0011288,0.0011288,0.0011288
24,224.063,0.45552,0.34129,0.8277,0.99999,1,0.995,0.94493,0.34421,0.27662,0.80186,0.0010892,0.0010892,0.0010892
25,232.976,0.4472,0.33497,0.82517,0.99999,1,0.995,0.91405,0.42204,0.28238,0.81608,0.0010496,0.0010496,0.0010496
26,242.026,0.42113,0.32587,0.82206,0.99999,1,0.995,0.94738,0.30903,0.2515,0.79724,0.00101,0.00101,0.00101
27,250.916,0.41783,0.32101,0.81822,0.99999,1,0.995,0.95248,0.32078,0.2561,0.7961,0.0009704,0.0009704,0.0009704
28,259.766,0.42252,0.32109,0.82066,1,0.99999,0.995,0.94529,0.318,0.25015,0.79669,0.0009308,0.0009308,0.0009308
29,268.707,0.40642,0.31443,0.81982,0.99999,1,0.995,0.95824,0.29656,0.24098,0.79227,0.0008912,0.0008912,0.0008912
30,277.577,0.39864,0.31089,0.81377,1,1,0.995,0.95082,0.31842,0.24839,0.79319,0.0008516,0.0008516,0.0008516
31,286.347,0.40555,0.31373,0.81698,0.99999,1,0.995,0.95769,0.29212,0.23629,0.79264,0.000812,0.000812,0.000812
32,295.179,0.37647,0.29823,0.81021,0.99999,1,0.995,0.94435,0.33317,0.24562,0.79775,0.0007724,0.0007724,0.0007724
33,304.012,0.38533,0.30306,0.81043,0.99999,1,0.995,0.96906,0.27564,0.23049,0.78942,0.0007328,0.0007328,0.0007328
34,312.843,0.38159,0.2989,0.81236,0.99999,1,0.995,0.93864,0.34227,0.24272,0.80063,0.0006932,0.0006932,0.0006932
35,321.758,0.38386,0.29961,0.81098,0.99999,1,0.995,0.95437,0.31004,0.23957,0.79254,0.0006536,0.0006536,0.0006536
36,330.578,0.37389,0.29219,0.81045,0.99999,1,0.995,0.96905,0.27627,0.22302,0.78893,0.000614,0.000614,0.000614
37,339.378,0.36432,0.28703,0.80888,0.99999,1,0.995,0.96673,0.27271,0.22133,0.78964,0.0005744,0.0005744,0.0005744
38,348.124,0.35043,0.28197,0.80782,0.99999,1,0.995,0.97118,0.25932,0.21695,0.78708,0.0005348,0.0005348,0.0005348
39,356.975,0.34436,0.27951,0.80618,0.99999,1,0.995,0.96122,0.28563,0.22282,0.79276,0.0004952,0.0004952,0.0004952
40,365.806,0.33756,0.27584,0.80335,0.99999,1,0.995,0.97511,0.24561,0.20936,0.7844,0.0004556,0.0004556,0.0004556
41,394.531,0.32668,0.26587,0.79356,0.99999,1,0.995,0.95082,0.30501,0.2305,0.79155,0.000416,0.000416,0.000416
42,402.696,0.30907,0.25946,0.7895,0.99999,1,0.995,0.97105,0.25496,0.21899,0.78339,0.0003764,0.0003764,0.0003764
43,410.805,0.30298,0.25543,0.79009,0.99999,1,0.995,0.96829,0.25699,0.22146,0.78579,0.0003368,0.0003368,0.0003368
44,419.045,0.28176,0.24442,0.788,0.99999,1,0.995,0.97441,0.25286,0.21424,0.78348,0.0002972,0.0002972,0.0002972
45,427.182,0.27652,0.23975,0.78664,0.99999,1,0.995,0.97728,0.23603,0.20666,0.7813,0.0002576,0.0002576,0.0002576
46,435.326,0.27603,0.23766,0.78727,0.99999,1,0.995,0.96753,0.25827,0.21272,0.78528,0.000218,0.000218,0.000218
47,443.404,0.27373,0.23518,0.78451,1,1,0.995,0.95031,0.30763,0.22088,0.7908,0.0001784,0.0001784,0.0001784
48,451.493,0.25882,0.23006,0.78437,1,1,0.995,0.97155,0.25058,0.20428,0.78312,0.0001388,0.0001388,0.0001388
49,459.768,0.25543,0.22741,0.78128,0.99999,1,0.995,0.98041,0.22912,0.19846,0.78034,9.92e-05,9.92e-05,9.92e-05
50,467.874,0.24987,0.22485,0.78232,0.99999,1,0.995,0.97784,0.23006,0.19697,0.78104,5.96e-05,5.96e-05,5.96e-05
